work,title,lang,kind,units-on-page,tokens,carded%,maxRows,dupRows,cjkLeaks,m4Bad,glossMax,densityPx,exp,chips,grade,error
bhagavadgita,"Bhagavadgītā",sa,verse,30,338,100,1,0,0,0,119,1953,ok,,191,A,
mahabharata,"Mahābhārata",sa,prose,30,1758,97.4,1,0,0,0,120,5228,ok,,717,A,
isa-upanishad,"Īśā Upaniṣad",sa,verse,18,257,38.5,1,0,0,0,117,1499,ok,,66,C,
katha-upanishad,"Kaṭha Upaniṣad",sa,verse,30,496,31.5,1,0,0,0,118,1011,ok,,113,C,
prasna-upanishad,"Praśna Upaniṣad",sa,verse,30,513,32.4,1,0,0,0,117,1229,ok,,111,C,
mundaka-upanishad,"Māṇḍūkya Upaniṣad",sa,verse,12,152,21.1,1,0,0,0,115,437,ok,note,29,C,
aitareya-upanishad,"Aitareya Upaniṣad",sa,verse,30,641,31.7,1,0,0,0,118,1308,ok,,136,C,
taittiriya-upanishad,"Taittirīya Upaniṣad",sa,verse,30,966,24.3,1,0,0,0,118,1245,ok,,142,C,
brihadaranyaka-upanishad,"Bṛhadāraṇyaka Upaniṣad",sa,verse,30,973,35.4,1,0,0,0,118,1563,ok,,277,C,
chandogya-upanishad,"Chāndogya Upaniṣad",sa,verse,30,581,33.9,1,0,0,0,118,1080,ok,,118,C,
kenopanishad,"Kena Upaniṣad",sa,verse,30,323,33.7,1,0,0,0,118,1649,ok,note,83,C,
mundakopanishad,"Muṇḍaka Upaniṣad",sa,verse,30,403,17.4,1,0,0,0,118,910,ok,note,45,C,
svetasvatara-upanishad,"Śvetāśvatara Upaniṣad",sa,verse,30,414,24.2,1,0,0,0,118,1119,ok,note,68,C,
kausitaki-upanishad,"Kauṣītaki Upaniṣad",sa,verse,30,1221,21.7,1,0,0,0,118,1503,ok,note,208,C,
maitri-upanishad,"Maitrī Upaniṣad",sa,verse,30,865,17.8,1,0,0,0,120,557,ok,note,105,C,
pali-khuddakapatha,"Khuddakapāṭha",pi,verse,9,1102,11.7,1,0,0,0,116,0,ok,note,77,C,
pali-dhammapada,"Dhammapada",pi,verse,30,375,14.1,1,0,0,0,116,776,ok,note,29,C,
pali-udana,"Udāna",pi,prose,30,5796,11,1,0,0,0,118,735,ok,note,451,C,
pali-itivuttaka,"Itivuttaka",pi,prose,30,2231,12.6,1,0,0,0,118,797,ok,note,166,C,
pali-suttanipata,"Sutta Nipāta",pi,verse,30,7856,15.1,1,0,0,0,118,3456,ok,note,813,C,
pali-vimanavatthu,"Vimānavatthu",pi,verse,30,3763,13.6,1,0,0,0,118,2169,ok,note,315,C,
pali-petavatthu,"Petavatthu",pi,verse,30,5588,12.4,1,0,0,0,118,580,ok,note,465,C,
pali-theragatha,"Theragāthā",pi,verse,30,462,7.1,1,0,0,0,117,405,ok,note,30,C,
pali-therigatha,"Therīgāthā",pi,verse,30,534,7.9,1,0,0,0,117,468,ok,note,34,C,
pali-jataka,"Jātaka",pi,verse,30,360,10.3,1,0,0,0,117,102,ok,note,28,C,
pali-mahaniddesa,"Mahāniddesa",pi,prose,30,29338,14,1,0,0,0,119,9794,ok,note,2965,C,
pali-culaniddesa,"Cūḷaniddesa",pi,prose,30,21463,12.3,1,0,0,0,119,4524,ok,note,1861,C,
pali-patisambhidamagga,"Paṭisambhidāmagga",pi,prose,30,16760,6,1,0,0,0,118,504,ok,note,538,C,
pali-apadana,"Apadāna",pi,verse,30,7903,8.6,1,0,0,0,118,1727,ok,note,409,C,
pali-buddhavamsa,"Buddhavaṃsa",pi,verse,30,9353,7.6,1,0,0,0,118,3763,ok,note,363,C,
pali-cariyapitaka,"Cariyāpiṭaka",pi,verse,30,3373,10,1,0,0,0,118,723,ok,note,252,C,
pali-milindapanha,"Milindapañha",pi,prose,30,9284,9.2,1,0,0,0,119,207,ok,note,560,C,
pali-netti,"Netti",pi,prose,30,15256,10.3,1,0,0,0,119,404,ok,note,748,C,
pali-petakopadesa,"Peṭakopadesa",pi,prose,29,32849,14.7,1,0,0,0,118,9979,ok,note,2494,C,
pali-dn,"Dīgha Nikāya",pi,prose,30,27495,11.6,1,0,0,0,119,8892,ok,note,1878,C,
pali-mn,"Majjhima Nikāya",pi,prose,30,32222,10.4,1,0,0,0,120,4272,ok,note,2034,C,
pali-samyutta-nikaya,"Saṃyutta Nikāya",pi,prose,30,1877,9.3,1,0,0,0,118,789,ok,note,135,C,
pali-anguttara-nikaya,"Aṅguttara Nikāya",pi,prose,30,774,6.3,1,0,0,0,117,391,ok,note,34,C,
pali-abhidhamma-ds,"Dhammasaṅgaṇī",pi,prose,30,20328,12.5,1,0,0,0,114,510,ok,note,1819,C,
pali-abhidhamma-vb,"Vibhaṅga",pi,prose,30,18062,10.2,1,0,0,0,117,1805,ok,note,1040,C,
pali-abhidhamma-dt,"Dhātukathā",pi,prose,30,12223,14,1,0,0,0,117,158,ok,note,695,C,
pali-abhidhamma-pp,"Puggalapaññatti",pi,prose,25,14272,12,1,0,0,0,120,96,ok,note,855,C,
pali-abhidhamma-kv,"Kathāvatthu",pi,prose,30,18970,13.3,1,0,0,0,118,11066,ok,note,1856,C,
pali-abhidhamma-ya,"Yamaka",pi,prose,30,11776,21.4,1,0,0,0,117,27072,ok,note,1634,C,
pali-abhidhamma-patthana,"Paṭṭhāna",pi,prose,30,30350,7.3,1,0,0,0,117,16069,ok,note,789,C,
pali-vinaya-pj,"Pārājika",pi,prose,30,23488,9.5,1,0,0,0,118,15420,ok,note,1815,C,
pali-vinaya-pc,"Pācittiya",pi,prose,30,14880,7.1,1,0,0,0,118,6971,ok,note,771,C,
pali-vinaya-mv,"Mahāvagga",pi,prose,30,23252,8.7,1,0,0,0,118,2419,ok,note,1496,C,
pali-vinaya-cv,"Cūḷavagga",pi,prose,30,21256,6.5,1,0,0,0,118,7514,ok,note,1044,C,
pali-vinaya-pvr,"Parivāra",pi,prose,30,12781,8.2,1,0,0,0,117,6668,ok,note,383,C,
pali-vinaya-bi,"Bhikkhunīvibhaṅga",pi,prose,30,11660,6.1,1,0,0,0,118,4660,ok,note,525,C,
ramayana,"Rāmāyaṇa",sa,prose,30,1743,98.9,1,0,0,0,120,5111,ok,,718,A,
rigveda-mandala01,"Ṛgveda Maṇḍala 1",sa,verse,30,279,22.2,1,0,0,0,117,788,ok,,33,C,
rigveda-mandala02,"Ṛgveda Maṇḍala 2",sa,verse,30,588,33.2,1,0,0,0,118,2022,ok,,131,C,
rigveda-mandala03,"Ṛgveda Maṇḍala 3",sa,verse,30,528,22.5,1,0,0,0,118,1080,ok,,58,C,
rigveda-mandala04,"Ṛgveda Maṇḍala 4",sa,verse,30,562,25.3,1,0,0,0,118,1069,ok,,93,C,
rigveda-mandala05,"Ṛgveda Maṇḍala 5",sa,verse,30,559,30.9,1,0,0,0,118,676,ok,,123,C,
rigveda-mandala06,"Ṛgveda Maṇḍala 6",sa,verse,30,528,32.2,1,0,0,0,117,1038,ok,,113,C,
rigveda-mandala07,"Ṛgveda Maṇḍala 7",sa,verse,30,468,29.3,1,0,0,0,118,1039,ok,,83,C,
rigveda-mandala08,"Ṛgveda Maṇḍala 8",sa,verse,30,455,33.8,1,0,0,0,120,1879,ok,,101,C,
rigveda-mandala09,"Ṛgveda Maṇḍala 9",sa,verse,30,283,21.9,1,0,0,0,119,675,ok,,37,C,
rigveda-mandala10,"Ṛgveda Maṇḍala 10",sa,verse,30,553,26.2,1,0,0,0,118,1144,ok,,100,C,
buddhacarita,"Buddhacarita",sa,prose,30,357,98,1,0,0,0,119,1956,ok,,121,A,
lalitavistara,"Lalitavistara",sa,prose,30,775,98.1,1,0,0,0,120,291,ok,,165,A,
sukhavativyuha,"Sukhāvatīvyūha (larger)",sa,prose,30,1800,75.9,1,0,0,0,120,2995,ok,,732,B,
sukhavativyuha-smaller,"Sukhāvatīvyūha (smaller)",sa,prose,28,996,74.6,1,0,0,0,120,3656,ok,,319,B,
heart-sutra,"Prajñāpāramitāhṛdaya (Heart Sūtra)",sa,prose,8,132,69.7,1,0,0,0,118,3217,ok,,57,B,
diamond-sutra,"Vajracchedikā Prajñāpāramitā (Diamond Sūtra)",sa,prose,30,1243,82.1,1,0,0,0,120,3614,ok,,477,B,
tantrakhyayika,"Tantrākhyāyikā (Pañcatantra, ch. 1–2)",sa,verse,30,1489,96.2,1,0,0,0,120,4490,ok,,579,A,
meghaduta,"Meghadūta",sa,verse,30,569,93.3,1,0,0,0,120,1948,ok,,192,A,
raghuvamsa,"Raghuvaṃśa",sa,verse,30,309,66.3,1,0,0,0,120,1810,ok,,106,B,
abhijnanasakuntala,"Abhijñānaśākuntala",sa,verse,30,335,73.7,1,0,0,0,118,2632,ok,,147,B,
rtusamhara,"Ṛtusaṃhāra",sa,verse,30,315,95.6,1,0,0,0,119,1655,ok,,80,A,
kumarasambhava,"Kumārasambhava",sa,verse,30,345,99.4,1,0,0,0,119,2341,ok,,90,A,
kiratarjuniya,"Kirātārjunīya",sa,verse,30,445,99.3,1,0,0,0,120,2912,ok,,180,A,
sisupalavadha,"Śiśupālavadha",sa,verse,30,263,43.3,1,0,0,0,118,1153,ok,note,52,C,
caurapancasika,"Caurapañcāśikā",sa,verse,30,350,96.3,1,0,0,0,119,2076,ok,,87,A,
arthasastra,"Arthaśāstra",sa,verse,30,559,91.4,1,0,0,0,119,2043,ok,,251,A,
manusmrti,"Mānavadharmaśāstra (Manusmṛti)",sa,verse,30,366,89.3,1,0,0,0,120,2354,ok,,186,A,
hitopadesa,"Hitopadeśa",sa,verse,30,406,98.8,1,0,0,0,119,2058,ok,,218,A,
pancatantra,"Pañcatantra",sa,verse,30,521,89.8,1,0,0,0,119,1980,ok,,290,A,
kamasutra,"Kāmasūtra",sa,verse,30,309,96.1,1,0,0,0,120,1722,ok,,119,A,
bhadracari,"Bhadracarīpraṇidhānastotra",sa,verse,30,363,45.7,1,0,0,0,119,1472,ok,note,73,C,
bhaishajyaguru,"Bhaiṣajyaguruvaiḍūryaprabharājasūtra",sa,prose,30,1453,76.7,1,0,0,0,120,3581,ok,,532,B,
dasabhumika,"Daśabhūmikasūtra (Daśabhūmaka)",sa,prose,30,1800,59.8,1,0,0,0,119,2642,ok,note,508,B,
suvarnaprabhasa,"Suvarṇaprabhāsottamasūtra (Suvarṇaprabhāsa)",sa,prose,30,1661,60.3,1,0,0,0,120,2718,ok,,445,B,
saddharmapundarika,"Saddharmapuṇḍarīkasūtra (Saddharmapuṇḍarīka)",sa,prose,30,793,95.2,1,0,0,0,120,5055,ok,,193,A,
astasahasrika,"Aṣṭasāhasrikā Prajñāpāramitā",sa,prose,30,1140,98.4,1,0,0,0,119,2406,ok,,422,A,
lankavatara,"Saddharmalaṅkāvatārasūtra (Laṅkāvatāra)",sa,prose,30,1601,95.4,1,0,0,0,120,4404,ok,,576,A,
samadhiraja,"Samādhirājasūtra (Candrapradīpasamādhi)",sa,prose,30,1781,59.4,1,0,0,0,120,2790,ok,,456,B,
gandavyuha,"Gaṇḍavyūhasūtra",sa,prose,30,3540,54,1,0,0,0,119,16202,ok,note,805,B,
bhagavata-01,"Bhāgavatapurāṇa, Skandha 1",sa,prose,30,353,96.9,1,0,0,0,120,1913,ok,,159,A,
bhagavata-02,"Bhāgavatapurāṇa, Skandha 2",sa,prose,30,331,98.8,1,0,0,0,118,2009,ok,,146,A,
bhagavata-03,"Bhāgavatapurāṇa, Skandha 3",sa,prose,30,502,96.2,1,0,0,0,120,2551,ok,,263,A,
bhagavata-04,"Bhāgavatapurāṇa, Skandha 4",sa,prose,30,416,96.9,1,0,0,0,119,2963,ok,,205,A,
bhagavata-05,"Bhāgavatapurāṇa, Skandha 5",sa,prose,30,652,80.7,1,0,0,0,119,1813,ok,,322,B,
bhagavata-06,"Bhāgavatapurāṇa, Skandha 6",sa,prose,30,284,69,1,0,0,0,119,1387,ok,,102,B,
bhagavata-07,"Bhāgavatapurāṇa, Skandha 7",sa,prose,30,293,67.6,1,0,0,0,119,1781,ok,,115,B,
bhagavata-08,"Bhāgavatapurāṇa, Skandha 8",sa,prose,30,322,74.2,1,0,0,0,120,1737,ok,,139,B,
bhagavata-09,"Bhāgavatapurāṇa, Skandha 9",sa,prose,30,304,82.6,1,0,0,0,119,2083,ok,,125,B,
bhagavata-10,"Bhāgavatapurāṇa, Skandha 10",sa,prose,30,433,91.9,1,0,0,0,120,2054,ok,,224,A,
bhagavata-11,"Bhāgavatapurāṇa, Skandha 11",sa,prose,30,451,94.9,1,0,0,0,119,3311,ok,,210,A,
bhagavata-12,"Bhāgavatapurāṇa, Skandha 12",sa,prose,30,400,80.5,1,0,0,0,120,2059,ok,,191,B,
gitagovinda,"Gītagovinda",sa,verse,30,343,97.4,1,0,0,0,119,2122,ok,,188,A,
satakatraya,"Śatakatraya",sa,verse,30,618,96.9,1,0,0,0,120,2071,ok,,301,A,
vetalapancavimsati,"Vetālapañcaviṃśatikā (Śaśāṅkavatīlambaka)",sa,verse,30,278,68.7,1,0,0,0,120,1130,ok,,110,B,
sankhya-karika,"Sāṃkhyakārikā",sa,verse,30,342,20.5,1,0,0,0,118,793,ok,note,29,C,
yoga-sutra,"Yogasūtra",sa,prose,30,86,16.3,1,0,0,0,118,56,ok,note,9,C,
nyaya-sutra,"Nyāyasūtra",sa,prose,30,111,12.6,1,0,0,0,118,75,ok,note,6,C,
brahma-sutra,"Brahmasūtra",sa,prose,30,85,37.6,1,0,0,0,118,285,ok,note,14,C,
